V,I,Temp,V_avg,I_avg,Y
0.68309,0.63084,0.0084771,0.8907,0.72464,0.99725
0.74425,0.70388,0.01131,0.87824,0.7214,0.9958
0.76465,0.69525,0.014143,0.85308,0.71765,0.9915
0.91283,0.74702,0.014143,0.86508,0.72354,0.99175
0.81809,0.71665,0.014143,0.86544,0.72384,0.98893
0.63116,0.58937,0.016976,0.86426,0.72321,0.98804
0.55114,0.5736,0.031141,0.7997,0.69442,0.96458
0.90598,0.80312,0.033973,0.79805,0.69475,0.96337
0.88465,0.74699,0.036806,0.81473,0.70639,0.96525
0.66096,0.59816,0.036806,0.81433,0.70593,0.9642
0.7032,0.64859,0.036806,0.81048,0.7038,0.96124
0.76563,0.69757,0.036806,0.8087,0.70349,0.95919
0.97747,0.80762,0.036806,0.81246,0.7063,0.96013
0.87726,0.74699,0.028308,0.8164,0.70887,0.95832
0.8782,0.74691,0.028308,0.8179,0.70981,0.95822
0.87124,0.79874,0.028308,0.81266,0.70769,0.95145
0.97749,0.81502,0.028308,0.81459,0.70904,0.95233
0.87938,0.74689,0.025475,0.81485,0.70981,0.95306
0.83006,0.72992,0.022642,0.81106,0.70913,0.95046
0.82515,0.72593,0.028308,0.81167,0.71126,0.94961
0.80969,0.72037,0.025475,0.80496,0.71033,0.94517
0.88707,0.75134,0.016976,0.82746,0.72418,0.94474
0.69958,0.62779,0.019809,0.83857,0.72895,0.94216
0.72077,0.6571,0.019809,0.83852,0.72895,0.94189
0.89469,0.76853,0.016976,0.83529,0.72671,0.93673
0.82493,0.7245,0.016976,0.83478,0.72646,0.9367
0.83951,0.73354,0.016976,0.83382,0.72601,0.93651
0.78687,0.69673,0.019809,0.83669,0.72877,0.93463
0.82982,0.72982,0.019809,0.83303,0.7273,0.93156
0.87831,0.75621,0.016976,0.83436,0.72864,0.92784
0.71333,0.65745,0.016976,0.83594,0.72951,0.92677
0.87209,0.74689,0.016976,0.8373,0.73167,0.9241
0.83552,0.73802,0.014143,0.83423,0.72981,0.92084
0.84856,0.74415,0.014143,0.834,0.72972,0.92081
0.78798,0.70339,0.014143,0.83766,0.73213,0.91823
0.87486,0.75894,0.014143,0.84097,0.73392,0.91627
0.8695,0.74699,0.014143,0.84431,0.73579,0.91692
0.82621,0.72318,0.016976,0.84304,0.7346,0.9126
0.97762,0.83999,0.014143,0.84064,0.73382,0.90951
0.86557,0.74689,0.01131,0.8421,0.73481,0.9105
0.48879,0.44415,0.019809,0.83805,0.73239,0.90607
0.68854,0.66407,0.028308,0.81312,0.71876,0.88752
0.72768,0.68775,0.028308,0.81206,0.71852,0.88675
0.70741,0.66512,0.031141,0.80177,0.71351,0.8823
0.74539,0.66186,0.031141,0.80436,0.71851,0.8849
0.69997,0.65277,0.031141,0.80059,0.71582,0.88171
0.84661,0.74689,0.028308,0.79658,0.71572,0.88136
0.76466,0.70534,0.028308,0.78864,0.7124,0.87327
0.84776,0.74699,0.028308,0.78779,0.71339,0.87506
0.78548,0.70074,0.028308,0.78668,0.71298,0.87455
0.81812,0.73304,0.025475,0.78779,0.71535,0.87175
0.84497,0.74699,0.028308,0.78668,0.71538,0.87074
0.94273,0.84063,0.022642,0.78421,0.7148,0.8681
0.82929,0.73438,0.019809,0.7891,0.7187,0.86896
0.79199,0.73449,0.019809,0.81212,0.73069,0.8602
0.79681,0.73217,0.019809,0.81126,0.73109,0.85691
0.84309,0.76595,0.019809,0.81019,0.73013,0.85684
0.77286,0.71127,0.019809,0.80862,0.72889,0.85647
0.80126,0.72911,0.019809,0.80849,0.72958,0.8559
0.86261,0.78183,0.019809,0.80974,0.73066,0.85577
0.76029,0.69741,0.019809,0.80852,0.72945,0.8553
0.80293,0.73215,0.014143,0.80977,0.73104,0.85205
0.78322,0.72219,0.016976,0.8077,0.72964,0.85131
0.83309,0.74466,0.022642,0.81046,0.73201,0.85209
0.73683,0.68912,0.016976,0.80656,0.72951,0.84924
0.87052,0.77326,0.016976,0.80853,0.73152,0.85019
0.75805,0.70163,0.01131,0.80584,0.72988,0.84745
0.82347,0.75409,0.014143,0.80436,0.72934,0.84667
0.83475,0.74689,0.016976,0.80882,0.73303,0.84784
0.95515,0.85484,0.019809,0.80807,0.73434,0.842
0.93606,0.83459,0.019809,0.80849,0.73464,0.84222
0.86512,0.76999,0.019809,0.80922,0.7351,0.84257
0.82123,0.75441,0.014143,0.80864,0.73427,0.84049
0.83483,0.74699,0.014143,0.81057,0.73562,0.8413
0.80432,0.72738,0.014143,0.81211,0.73631,0.83967
0.79193,0.73014,0.014143,0.81056,0.73532,0.83723
0.74792,0.69529,0.014143,0.81031,0.73514,0.83703
0.74196,0.70195,0.014143,0.80727,0.73385,0.8333
0.82548,0.74689,0.014143,0.81017,0.73616,0.83496
0.82357,0.76575,0.014143,0.80571,0.73313,0.83238
0.54536,0.51477,0.014143,0.80554,0.73356,0.83119
0.67379,0.68467,0.019809,0.79921,0.72874,0.82445
0.55287,0.57932,0.025475,0.78901,0.72254,0.81878
0.62037,0.64344,0.025475,0.78804,0.72203,0.81816
0.59962,0.62446,0.028308,0.77284,0.71488,0.80766
0.80314,0.74686,0.028308,0.76967,0.71811,0.80971
0.62884,0.61066,0.031141,0.76745,0.71699,0.80693
0.69668,0.68626,0.031141,0.76423,0.715,0.80489
0.83031,0.7736,0.031141,0.76162,0.71588,0.80573
0.79577,0.74678,0.028308,0.75949,0.71621,0.80387
0.72542,0.72198,0.028308,0.75241,0.71179,0.79883
0.797,0.74683,0.028308,0.74961,0.71331,0.79933
0.75627,0.72929,0.028308,0.74684,0.71267,0.79666
0.78361,0.7542,0.025475,0.74548,0.71196,0.7963
0.7946,0.74682,0.025475,0.74647,0.71384,0.79744
0.8956,0.84486,0.025475,0.74721,0.71636,0.79471
0.72118,0.68469,0.025475,0.74323,0.71467,0.79462
0.66373,0.63824,0.022642,0.74223,0.71406,0.79394
0.70654,0.69484,0.016976,0.75846,0.72807,0.78901
0.87545,0.83306,0.019809,0.76057,0.72947,0.78921
0.80339,0.75399,0.022642,0.76351,0.73155,0.79025
0.74646,0.72611,0.022642,0.76664,0.73294,0.78654
0.7434,0.72823,0.022642,0.76242,0.72931,0.78408
0.70903,0.69601,0.016976,0.75664,0.72808,0.77856
0.68642,0.68011,0.014143,0.76069,0.73217,0.77774
0.78569,0.75939,0.016976,0.76079,0.73246,0.77654
0.77957,0.74684,0.016976,0.76001,0.73276,0.77618
0.86168,0.82214,0.016976,0.75648,0.73113,0.77403
0.78086,0.74805,0.014143,0.75736,0.73212,0.77417
0.66754,0.65345,0.014143,0.75722,0.73202,0.77365
0.77867,0.74685,0.016976,0.75273,0.73075,0.77089
0.77663,0.74689,0.016976,0.75246,0.73078,0.7708
0.77644,0.74667,0.016976,0.75246,0.73081,0.7708
0.77878,0.75886,0.016976,0.75046,0.73031,0.7684
0.77866,0.74731,0.016976,0.75347,0.73294,0.7692
0.75987,0.73309,0.014143,0.75259,0.73206,0.76897
0.73187,0.73162,0.014143,0.7512,0.73199,0.76469
0.67227,0.6657,0.014143,0.75366,0.73374,0.76535
0.80138,0.77699,0.014143,0.75467,0.73491,0.76444
0.77417,0.74678,0.014143,0.75699,0.73653,0.76482
0.77428,0.74689,0.01131,0.757,0.7365,0.7648
0.64512,0.63994,0.01131,0.75679,0.73625,0.76416
0.84074,0.81409,0.01131,0.75571,0.73567,0.76254
0.75514,0.75335,0.016976,0.7512,0.73327,0.75837
0.76736,0.74678,0.014143,0.75215,0.73481,0.75836
0.59208,0.60072,0.01131,0.74918,0.73356,0.75546
0.43613,0.50798,0.022642,0.7328,0.72228,0.74234
0.69628,0.76348,0.031141,0.71384,0.7132,0.7298
0.74778,0.8028,0.031141,0.71362,0.71353,0.73012
0.67002,0.7117,0.025475,0.70412,0.71281,0.72671
0.85245,0.87553,0.028308,0.70313,0.71339,0.72717
0.748,0.75176,0.028308,0.70412,0.715,0.72866
0.74012,0.74671,0.028308,0.70455,0.71565,0.72862
0.6638,0.67471,0.028308,0.70486,0.71601,0.72836
0.73753,0.74675,0.028308,0.7031,0.71603,0.72676
0.49364,0.52062,0.025475,0.69942,0.71372,0.72492
0.68202,0.69866,0.028308,0.69082,0.71193,0.72149
0.68601,0.72039,0.022642,0.6826,0.7118,0.71488
0.65556,0.68395,0.019809,0.69168,0.72091,0.71439
0.61725,0.65094,0.019809,0.70018,0.72693,0.71325
0.6502,0.67054,0.019809,0.70712,0.73127,0.71244
0.71037,0.74706,0.022642,0.70913,0.73233,0.70931
0.74254,0.7736,0.022642,0.70298,0.72695,0.70616
0.71466,0.73508,0.022642,0.70342,0.72768,0.70693
0.67038,0.71121,0.019809,0.70271,0.72772,0.70513
0.68975,0.72685,0.014143,0.70138,0.72728,0.7024
0.69356,0.72972,0.016976,0.70076,0.7277,0.70099
0.65357,0.69495,0.014143,0.70048,0.72754,0.7008
0.81684,0.83009,0.014143,0.70146,0.72908,0.70148
0.71355,0.74922,0.014143,0.70346,0.73075,0.69826
0.8407,0.86316,0.014143,0.70112,0.72952,0.69781
0.72474,0.74667,0.014143,0.7036,0.73184,0.69846
0.83021,0.84906,0.016976,0.70076,0.73052,0.69603
0.69079,0.73544,0.019809,0.6986,0.72928,0.69365
0.655,0.70438,0.019809,0.69742,0.72869,0.69292
0.72333,0.74678,0.014143,0.70006,0.73198,0.69383
0.69402,0.73299,0.016976,0.69529,0.7293,0.69052
0.69761,0.73154,0.014143,0.69692,0.73107,0.69066
0.55429,0.60369,0.016976,0.69651,0.73091,0.68994
0.71941,0.74624,0.014143,0.70029,0.73447,0.68807
0.63803,0.68805,0.016976,0.69865,0.73319,0.68655
0.72004,0.74667,0.016976,0.70104,0.73529,0.6869
0.72004,0.74671,0.019809,0.70233,0.73619,0.68679
0.58871,0.6354,0.019809,0.70223,0.73594,0.68603
0.72535,0.76347,0.019809,0.70137,0.73532,0.68489
0.77051,0.81633,0.014143,0.70073,0.73498,0.68414
0.60909,0.67386,0.014143,0.69739,0.73356,0.67906
0.71264,0.74678,0.016976,0.69939,0.73561,0.68039
0.71276,0.74678,0.014143,0.69932,0.73549,0.68028
0.71056,0.76325,0.016976,0.69509,0.73257,0.67766
0.5775,0.66735,0.028308,0.66755,0.71743,0.65512
0.74544,0.86575,0.033973,0.65791,0.71455,0.65088
0.76568,0.86231,0.036806,0.65707,0.71492,0.65237
0.57756,0.63976,0.031141,0.65787,0.71734,0.6533
0.70193,0.79593,0.028308,0.64805,0.71194,0.64722
0.68012,0.74667,0.028308,0.64911,0.71649,0.64775
0.67977,0.74678,0.028308,0.64867,0.71618,0.64771
0.68024,0.74667,0.028308,0.64669,0.715,0.64763
0.61414,0.71243,0.028308,0.63848,0.71114,0.64125
0.67218,0.73807,0.028308,0.6339,0.71395,0.64075
0.67977,0.74667,0.022642,0.63025,0.71406,0.63828
0.56662,0.65878,0.019809,0.62712,0.71239,0.63635
0.74072,0.8008,0.019809,0.63846,0.72434,0.63506
0.74259,0.81061,0.016976,0.64748,0.73049,0.63285
0.70143,0.76216,0.016976,0.64893,0.73148,0.63332
0.6376,0.72723,0.019809,0.65206,0.73281,0.62959
0.51932,0.62731,0.019809,0.65195,0.73233,0.62829
0.67692,0.76406,0.019809,0.64574,0.72743,0.62656
0.62011,0.71554,0.019809,0.64497,0.72791,0.623
0.651,0.74565,0.019809,0.64558,0.72949,0.62232
0.63964,0.73163,0.016976,0.64337,0.72781,0.62129
0.65219,0.75355,0.016976,0.64293,0.72762,0.62099
0.58985,0.69081,0.014143,0.64234,0.7273,0.62071
0.77928,0.85857,0.019809,0.6438,0.7297,0.61809
0.66721,0.74657,0.016708,0.64595,0.73141,0.61849
0.6945,0.78027,0.016976,0.6427,0.72989,0.61572
0.6707,0.75134,0.014143,0.64353,0.73076,0.61647
0.66392,0.74745,0.014143,0.64347,0.73076,0.6164
0.69415,0.76799,0.016976,0.64041,0.73012,0.61403
0.64753,0.74392,0.014143,0.63758,0.72911,0.61062
0.62989,0.72317,0.016976,0.63898,0.73085,0.61074
0.67788,0.76084,0.016976,0.63895,0.73094,0.61077
0.56401,0.68149,0.014143,0.63819,0.73106,0.60701
0.7421,0.81957,0.014143,0.6412,0.73398,0.60798
0.75908,0.85536,0.014143,0.64334,0.73541,0.60487
0.53495,0.66127,0.016976,0.63892,0.73226,0.601
0.64287,0.75394,0.014143,0.63832,0.73261,0.59991
0.653,0.74666,0.016976,0.64003,0.73464,0.59996
0.59682,0.70685,0.014143,0.63586,0.73193,0.59726
0.39992,0.59263,0.025475,0.61345,0.71807,0.5792
0.51856,0.70598,0.028308,0.6087,0.71694,0.57514
0.65681,0.81531,0.031141,0.59642,0.71316,0.56946
0.69463,0.84693,0.031141,0.59647,0.7135,0.57007
0.66657,0.79656,0.031141,0.5957,0.71456,0.57218
0.6193,0.74657,0.031141,0.59652,0.71665,0.57267
0.49159,0.64738,0.033973,0.59441,0.71515,0.57075
0.41047,0.55197,0.028308,0.58103,0.71222,0.56523
0.54545,0.71132,0.031141,0.57418,0.70916,0.56002
0.54545,0.71132,0.031141,0.57408,0.70929,0.55984
0.56483,0.73111,0.031141,0.57392,0.70935,0.55967
0.51509,0.68051,0.031141,0.57329,0.70907,0.55938
0.50476,0.65223,0.031141,0.56914,0.70927,0.56028
0.57591,0.7277,0.028308,0.56626,0.70882,0.55804
0.73032,0.87503,0.025475,0.56719,0.71015,0.55853
0.56213,0.69838,0.022642,0.5677,0.71195,0.55912
0.65091,0.78241,0.022642,0.56576,0.71303,0.55674
0.61109,0.74646,0.025475,0.56249,0.71202,0.55656
0.54055,0.70429,0.022642,0.55852,0.7098,0.55398
0.6112,0.74648,0.022642,0.56025,0.71311,0.55483
0.61825,0.77388,0.019809,0.5768,0.72693,0.54989
0.68143,0.81745,0.019809,0.57933,0.72897,0.55104
0.58259,0.74584,0.019809,0.57758,0.72615,0.54462
0.59054,0.73458,0.019809,0.57705,0.72635,0.54534
0.53264,0.6923,0.019809,0.57621,0.7258,0.54473
0.5084,0.67918,0.019809,0.57542,0.72539,0.54385
0.60549,0.76096,0.019809,0.57858,0.72894,0.54297
0.53449,0.69801,0.019809,0.57851,0.72885,0.54276
0.5612,0.73035,0.016976,0.57851,0.72897,0.54143
0.62457,0.78438,0.016976,0.57659,0.72856,0.54016
0.5449,0.71263,0.016976,0.57427,0.72657,0.53932
0.72322,0.87371,0.016976,0.57327,0.72692,0.53897
0.52282,0.67703,0.016976,0.57786,0.73125,0.53962
0.60434,0.76003,0.016976,0.5774,0.73095,0.53667
0.5201,0.68616,0.016976,0.5773,0.73084,0.5365
0.54088,0.71336,0.016976,0.57394,0.7279,0.53558
0.59235,0.75473,0.016976,0.57306,0.72772,0.53532
0.63171,0.78993,0.014143,0.57323,0.72804,0.53539
0.48523,0.66756,0.016976,0.57221,0.72794,0.53365
0.51915,0.70189,0.016976,0.57174,0.72767,0.53329
0.54899,0.72479,0.014143,0.56885,0.7274,0.53044
0.55378,0.70938,0.014143,0.57196,0.73113,0.53137
0.50101,0.66392,0.019809,0.56885,0.72944,0.5302
0.59359,0.74654,0.016976,0.5703,0.7319,0.52868
0.59288,0.74604,0.014143,0.57025,0.73183,0.52864
0.47212,0.6587,0.016976,0.56728,0.73029,0.52448
0.58887,0.75463,0.016976,0.57014,0.73305,0.52335
0.60122,0.75421,0.016976,0.5714,0.73408,0.52415
0.59077,0.74657,0.016976,0.57247,0.73495,0.52405
0.50224,0.68573,0.01131,0.57181,0.73413,0.52205
0.56235,0.72505,0.01131,0.57239,0.73476,0.52236
0.528,0.71901,0.014143,0.56644,0.73075,0.51739
0.58217,0.74648,0.016401,0.56955,0.73459,0.51712
0.52464,0.71233,0.014143,0.56422,0.73094,0.51404
0.31935,0.568,0.022642,0.55051,0.72185,0.5019
0.37177,0.64185,0.031141,0.54085,0.71649,0.49488
0.65256,0.87546,0.031141,0.51322,0.7096,0.48239
0.4716,0.66881,0.031141,0.51495,0.71265,0.48405
0.54839,0.74639,0.031141,0.51134,0.71192,0.48212
0.54759,0.74644,0.031141,0.49981,0.7086,0.47693
0.50622,0.72707,0.028308,0.49697,0.70795,0.47411
0.54697,0.74636,0.031141,0.49653,0.70966,0.4748
0.54697,0.74636,0.031141,0.49699,0.7103,0.47473
0.53312,0.74074,0.025475,0.49642,0.71083,0.47319
0.46046,0.6746,0.025475,0.4962,0.71094,0.47256
0.51081,0.72569,0.025475,0.49586,0.71073,0.47229
0.46924,0.68,0.019809,0.49148,0.7098,0.47128
0.54803,0.74636,0.022642,0.49063,0.71131,0.47018
0.43196,0.64693,0.022642,0.5062,0.72426,0.46786
0.49325,0.72187,0.019809,0.50826,0.72533,0.46517
0.548,0.74583,0.022642,0.51354,0.72896,0.46672
0.36569,0.61245,0.016976,0.51645,0.72924,0.46096
0.54178,0.76088,0.019809,0.51287,0.72809,0.45797
0.56415,0.78557,0.014143,0.51132,0.72777,0.45508
0.48464,0.71392,0.016976,0.51082,0.72718,0.45471
0.53606,0.74636,0.014143,0.51289,0.73076,0.451
0.55115,0.76194,0.014143,0.50977,0.72942,0.44873
0.51753,0.73003,0.014143,0.51066,0.73023,0.44874
0.49837,0.73237,0.019809,0.50527,0.72659,0.44491
0.52473,0.75452,0.019809,0.50495,0.72654,0.44479
0.51434,0.73533,0.01131,0.50615,0.72886,0.44437
0.45347,0.6763,0.016976,0.50568,0.72935,0.44257
0.46925,0.70502,0.016976,0.50613,0.73019,0.43973
0.53183,0.74646,0.014143,0.50949,0.73297,0.43991
0.53336,0.74646,0.019809,0.51239,0.7348,0.43834
0.57552,0.79056,0.016976,0.51156,0.73402,0.43593
0.40878,0.65594,0.014143,0.5107,0.73324,0.43461
0.43931,0.69569,0.01131,0.50702,0.73147,0.42953
0.56174,0.77683,0.01131,0.50877,0.73321,0.43142
0.52742,0.74646,0.0084771,0.50886,0.73326,0.43144
0.52714,0.7464,0.014143,0.50845,0.73283,0.43107
0.53175,0.77466,0.019809,0.50426,0.72999,0.4277
0.14671,0.45718,0.019809,0.50116,0.72775,0.42209
0.19427,0.52995,0.028308,0.48828,0.71978,0.41424
0.22357,0.57871,0.031141,0.47999,0.71551,0.40876
0.26458,0.5963,0.031141,0.47521,0.71466,0.40547
0.33414,0.66105,0.033973,0.46162,0.70848,0.399
0.48963,0.76111,0.036806,0.45846,0.71044,0.40004
0.58929,0.87546,0.031141,0.44854,0.70778,0.39505
0.49285,0.74635,0.033973,0.44944,0.71198,0.39502
0.49496,0.74626,0.033973,0.44693,0.71039,0.39489
0.36619,0.6763,0.033973,0.44022,0.70576,0.38964
0.58187,0.83444,0.031141,0.43243,0.70755,0.38714
0.42753,0.69389,0.025475,0.43258,0.70935,0.38518
0.6089,0.87546,0.025475,0.43181,0.70942,0.38345
0.49618,0.74629,0.025475,0.4306,0.70882,0.38465
0.4979,0.7464,0.025475,0.42974,0.70882,0.38449
0.35254,0.62298,0.025475,0.42788,0.7078,0.38329
0.58296,0.84457,0.022642,0.42593,0.70758,0.38133
0.59583,0.85299,0.022642,0.4265,0.70815,0.38155
0.49884,0.74646,0.019809,0.42786,0.70961,0.3826
0.40732,0.67683,0.019809,0.43603,0.71663,0.38097
0.40085,0.68747,0.019809,0.44876,0.7241,0.37772
0.426,0.72198,0.019809,0.45821,0.72623,0.37218
0.45039,0.74257,0.019809,0.458,0.72605,0.37215
0.43872,0.72579,0.019809,0.45713,0.72538,0.37204
0.50899,0.78046,0.019809,0.45733,0.72717,0.37014
0.45091,0.733,0.019809,0.45552,0.72627,0.36719
0.48072,0.7613,0.016976,0.45805,0.72914,0.36314
0.448,0.7295,0.016976,0.45708,0.728,0.36288
0.60778,0.86465,0.016976,0.45531,0.72727,0.36268
0.48628,0.74626,0.019809,0.45903,0.73021,0.36298
0.48651,0.74635,0.019809,0.4589,0.73005,0.36296
0.52041,0.78812,0.016976,0.45452,0.72743,0.35989
0.3969,0.69253,0.014143,0.45216,0.7263,0.35724
0.56473,0.81631,0.014143,0.45224,0.72751,0.35795
0.53168,0.78716,0.019809,0.45224,0.72782,0.35695
0.48463,0.74628,0.022642,0.45214,0.72785,0.35694
0.47074,0.74932,0.022642,0.4516,0.72803,0.35464
0.48592,0.74625,0.015804,0.454,0.73065,0.35503
0.39759,0.67445,0.01131,0.4518,0.72873,0.3543
0.51401,0.77254,0.014143,0.45537,0.73234,0.35169
0.48228,0.74625,0.014143,0.45569,0.73247,0.35167
0.48228,0.7463,0.016976,0.45644,0.73261,0.35151
0.48287,0.74636,0.016976,0.45656,0.73258,0.35146
0.49079,0.76565,0.01131,0.45855,0.73322,0.34792
0.41821,0.71191,0.016976,0.45755,0.73246,0.34569
0.46006,0.74816,0.016976,0.4572,0.73229,0.34511
0.47693,0.7612,0.016976,0.45733,0.73242,0.34513
0.46602,0.7612,0.019809,0.45372,0.73041,0.34269
0.47348,0.74627,0.019809,0.45579,0.73274,0.34286
0.47278,0.74627,0.019809,0.45675,0.73345,0.34277
0.60339,0.87546,0.014143,0.45122,0.73001,0.33972
0.28726,0.67502,0.022642,0.43911,0.72241,0.329
0.15811,0.56638,0.025475,0.43679,0.7212,0.32777
0.15647,0.57444,0.025475,0.43485,0.72017,0.3266
0.20582,0.6552,0.042472,0.41816,0.7133,0.31681
0.11017,0.55246,0.045305,0.40786,0.7104,0.312
0.26466,0.6806,0.050971,0.39562,0.70605,0.30803
0.40057,0.80036,0.050971,0.39415,0.70631,0.30769
0.43097,0.74614,0.045305,0.39423,0.71125,0.31187
0.43121,0.74614,0.045305,0.39416,0.71135,0.31185
0.31614,0.64052,0.045305,0.39422,0.71198,0.31132
0.5376,0.87546,0.039639,0.38122,0.70659,0.30541
0.27414,0.60925,0.036806,0.37647,0.70804,0.30383
0.16964,0.51165,0.036806,0.37533,0.7072,0.30294
0.16913,0.58199,0.036806,0.37127,0.70456,0.2998
0.31802,0.69173,0.039639,0.36582,0.70399,0.29686
0.42851,0.7462,0.039639,0.36325,0.70515,0.2989
0.36787,0.71999,0.039639,0.35925,0.70421,0.29597
0.49573,0.80418,0.039639,0.35868,0.70595,0.29653
0.35355,0.7126,0.036806,0.35764,0.70651,0.2953
0.37645,0.71269,0.036806,0.35739,0.70651,0.29513
0.38906,0.72505,0.028308,0.35703,0.7076,0.29335
0.43203,0.74622,0.022642,0.35482,0.70718,0.29368
0.24985,0.61339,0.022642,0.35108,0.70572,0.29193
0.46184,0.76606,0.022642,0.35138,0.70827,0.29162
0.42926,0.73884,0.025475,0.36957,0.72172,0.29003
0.32591,0.69065,0.022642,0.37382,0.72297,0.28654
0.29753,0.66021,0.025475,0.38361,0.72724,0.28661
0.40698,0.75102,0.025475,0.39023,0.7295,0.28326
0.41814,0.75102,0.025475,0.38909,0.72734,0.28326
0.42096,0.75102,0.028308,0.38827,0.72644,0.28326
0.42671,0.75102,0.022642,0.38727,0.72567,0.28326
0.43375,0.75102,0.022642,0.39125,0.72919,0.28326
0.43669,0.75102,0.019809,0.39444,0.73108,0.28326
0.44057,0.75102,0.016976,0.39695,0.73164,0.28326
0.44115,0.75102,0.014143,0.39634,0.7309,0.28326
0.44303,0.75102,0.014143,0.39562,0.73005,0.28326
0.44679,0.75102,0.01131,0.40085,0.73351,0.28326
0.45348,0.75102,0.01131,0.40903,0.73786,0.28326
0.45712,0.75102,0.014143,0.41304,0.73735,0.28326
0.45877,0.75102,0.014143,0.41442,0.73784,0.28326
0.46346,0.75102,0.01131,0.42271,0.74058,0.28326
0.46557,0.75102,0.01131,0.42778,0.74216,0.28326
0.46605,0.75102,0.0084771,0.42783,0.74171,0.28326
0.46675,0.75102,0.0084771,0.42871,0.74183,0.28326
0.46793,0.75102,0.0056441,0.43452,0.74486,0.28326
0.46816,0.75102,0.0028112,0.43522,0.74484,0.28326
0.4711,0.75102,0.0084771,0.44645,0.74755,0.28326
0.47156,0.75102,0.0084771,0.44823,0.74808,0.28326
0.47321,0.75102,0.0084771,0.46066,0.75102,0.28326
0.47344,0.75102,0.0084771,0.46134,0.75102,0.28326
0.47367,0.75102,0.0084771,0.46222,0.75102,0.28326
0.60752,0.87546,0.93361,0.47763,0.76145,0.30797
0.60939,0.87546,0.93428,0.47984,0.76319,0.30995
0.60992,0.87546,0.93448,0.48047,0.76369,0.31051
0.62238,0.87546,0.93731,0.49825,0.77735,0.32608
0.62652,0.87546,0.93768,0.50555,0.78281,0.3323
0.63211,0.87546,0.93768,0.51665,0.79101,0.34164
0.63228,0.87546,0.93768,0.51699,0.79126,0.34192
0.63787,0.87546,0.93768,0.52935,0.8002,0.35211
0.64237,0.87546,0.93768,0.53982,0.80765,0.3606
0.64313,0.87546,0.93775,0.54158,0.80889,0.36201
0.64423,0.87546,0.93809,0.54406,0.81063,0.364
0.6458,0.87546,0.93857,0.54761,0.81311,0.36682
0.64754,0.87546,0.9391,0.55155,0.81585,0.36994
0.64895,0.87546,0.93953,0.55479,0.81808,0.37248
0.65312,0.87546,0.94051,0.56426,0.82454,0.37984
0.66125,0.87546,0.94051,0.58221,0.83646,0.39343
0.66473,0.87546,0.94051,0.58988,0.84143,0.39908
0.6728,0.87546,0.9406,0.60796,0.85285,0.4121
0.67454,0.87546,0.94108,0.61198,0.85534,0.41493
0.67488,0.87546,0.94118,0.61278,0.85584,0.4155
0.67888,0.87546,0.94229,0.62215,0.86155,0.422
0.68269,0.87546,0.94334,0.63126,0.86701,0.42823
0.70079,0.87546,0.94566,0.65852,0.87546,0.45851
0.71161,0.87546,0.9485,0.66849,0.87546,0.4752
0.71788,0.87546,0.94901,0.67391,0.87546,0.48426
0.7197,0.87546,0.94901,0.67544,0.87546,0.4868
0.73972,0.87547,0.94901,0.69218,0.87546,0.51369
0.74468,0.87551,0.94901,0.69622,0.87546,0.51991
0.74964,0.87555,0.94901,0.70031,0.87546,0.52614
0.75466,0.87554,0.94901,0.70446,0.87547,0.53236
0.77609,0.87546,0.94901,0.7226,0.87547,0.55868
0.78522,0.87546,0.94901,0.7307,0.87547,0.57
0.80015,0.87546,0.94901,0.74448,0.87547,0.58867
0.80218,0.87546,0.94901,0.7464,0.87547,0.59122
0.80331,0.87546,0.94901,0.74747,0.87547,0.59264
0.80511,0.87546,0.94901,0.74918,0.87547,0.5949
0.8062,0.87546,0.94901,0.75026,0.87547,0.59631
0.80971,0.87546,0.94901,0.75371,0.87547,0.60084
0.81235,0.87546,0.94901,0.75632,0.87547,0.60424
0.81674,0.87546,0.94901,0.76069,0.87547,0.6099
0.82418,0.87546,0.95043,0.76839,0.87547,0.6198
0.83832,0.87546,0.95184,0.78346,0.87547,0.63904
0.83976,0.87546,0.95184,0.78501,0.87547,0.64102
0.84463,0.87548,0.95184,0.79032,0.87547,0.64781
0.8528,0.87555,0.95184,0.79936,0.87547,0.65942
0.85719,0.87554,0.95184,0.80417,0.87548,0.66564
0.85799,0.87553,0.95184,0.80504,0.87548,0.66678
0.85958,0.87551,0.95184,0.80679,0.87547,0.66904
0.87255,0.87546,0.95184,0.82081,0.87547,0.68744
0.89031,0.87546,0.9519,0.83899,0.87547,0.71177
0.89292,0.87546,0.95248,0.84151,0.87547,0.71517
0.90894,0.87546,0.95467,0.85656,0.87547,0.73554
0.91833,0.87546,0.95431,0.86494,0.87547,0.74686
0.92506,0.87546,0.95301,0.87064,0.87547,0.7545
0.9293,0.87546,0.95219,0.87425,0.87547,0.75931
0.94384,0.87546,0.95184,0.88634,0.87547,0.77516
0.96454,0.87546,0.95708,0.90379,0.87547,0.79723
0.97483,0.87546,0.95515,0.91303,0.87546,0.80855
0.97741,0.87379,0.95443,0.91653,0.87545,0.81266
0.97762,0.84918,0.95184,0.93585,0.87263,0.83464
0.97762,0.84476,0.9519,0.94045,0.87126,0.84002
0.97755,0.83976,0.95368,0.94706,0.86881,0.84757
0.97751,0.83209,0.95229,0.95795,0.86324,0.86109
0.97751,0.83159,0.95205,0.95864,0.8628,0.86203
0.97751,0.83102,0.95162,0.95946,0.86227,0.86315
0.97751,0.82953,0.94902,0.96181,0.86065,0.86632
0.97751,0.82887,0.94786,0.96281,0.85991,0.86774
0.97751,0.82788,0.94613,0.96425,0.85878,0.86985
0.97751,0.82696,0.94454,0.9655,0.85772,0.87179
0.97751,0.8268,0.94425,0.96572,0.85753,0.87215
0.97751,0.826,0.94316,0.9668,0.85655,0.87387
0.97751,0.82475,0.94235,0.96852,0.85485,0.8767
0.97751,0.82335,0.94143,0.97028,0.8529,0.87986
0.97751,0.82253,0.9409,0.9712,0.85174,0.88168
0.97751,0.82129,0.94051,0.97259,0.84982,0.88458
0.97751,0.81909,0.94051,0.97474,0.84607,0.88992
0.97751,0.81896,0.94051,0.97485,0.84584,0.89023
0.97751,0.81883,0.94051,0.97495,0.84561,0.89054
0.97751,0.81831,0.94051,0.97535,0.84471,0.8918
0.97751,0.81415,0.94295,0.97741,0.83642,0.90216
0.97751,0.81088,0.93991,0.97754,0.82968,0.91013
0.97751,0.80489,0.93237,0.97752,0.82071,0.92357
0.97751,0.80483,0.93232,0.97752,0.82064,0.9237
0.97751,0.80263,0.93357,0.97751,0.81787,0.92834
0.97751,0.80257,0.93362,0.97751,0.81781,0.92846
0.97751,0.80072,0.93521,0.97751,0.81561,0.93228
0.97751,0.80032,0.93554,0.97751,0.81516,0.93305
0.97751,0.79681,0.93682,0.97751,0.81128,0.93975
0.97751,0.79338,0.93284,0.97751,0.80759,0.94596
0.97751,0.79019,0.92831,0.97751,0.80436,0.95116
0.97751,0.78969,0.92788,0.97751,0.80384,0.95195
0.97751,0.7872,0.92697,0.97751,0.80128,0.9558
0.97751,0.78362,0.9302,0.97751,0.7975,0.96102
0.97751,0.78304,0.93073,0.97751,0.79688,0.96182
0.97751,0.78226,0.93145,0.97751,0.79604,0.96292
0.97751,0.78169,0.93198,0.97751,0.79543,0.96372
0.97751,0.78096,0.93201,0.97751,0.79459,0.96472
0.97751,0.77727,0.92888,0.97751,0.79037,0.96962
0.97751,0.77562,0.92634,0.97751,0.78844,0.97172
0.97751,0.77545,0.92634,0.97751,0.78823,0.97194
0.97751,0.77484,0.92634,0.97751,0.78749,0.97269
0.97751,0.77471,0.92634,0.97751,0.78733,0.97286
0.97751,0.77288,0.92634,0.97751,0.78509,0.97509
0.97751,0.77272,0.92634,0.97751,0.78488,0.97528
0.97751,0.77172,0.92634,0.97751,0.78366,0.97644
0.97751,0.77088,0.92658,0.97751,0.78261,0.97743
0.97751,0.76962,0.92826,0.97751,0.78088,0.97895
0.97751,0.76926,0.92874,0.97751,0.78039,0.97938
0.97751,0.76838,0.92918,0.97751,0.77915,0.98042
0.97751,0.76705,0.92918,0.97751,0.77727,0.98201
0.97751,0.7661,0.92763,0.97751,0.77581,0.98315
0.97751,0.76481,0.92634,0.97751,0.77387,0.98466
0.97751,0.76419,0.92634,0.97751,0.77295,0.98537
0.97751,0.76381,0.92634,0.97751,0.7724,0.9858
0.97751,0.76215,0.92634,0.97751,0.76973,0.98775
0.97751,0.76205,0.92634,0.97751,0.76956,0.98787
0.97751,0.76152,0.92634,0.97751,0.76864,0.98853
0.97751,0.7614,0.92634,0.97751,0.76844,0.98868
0.97751,0.76111,0.92612,0.97751,0.76795,0.98903
0.97751,0.76025,0.92381,0.97751,0.76647,0.99008
0.97751,0.75973,0.92351,0.97751,0.76558,0.9907
0.97751,0.75918,0.92351,0.97751,0.76467,0.99136
0.97751,0.75917,0.92351,0.97751,0.76464,0.99138
0.97751,0.75885,0.92351,0.97751,0.76408,0.99177
0.97751,0.75854,0.92351,0.97751,0.76354,0.99215
0.97751,0.75839,0.92351,0.97751,0.76331,0.99233
0.97751,0.75815,0.92433,0.97751,0.76282,0.99267
0.97751,0.75731,0.92485,0.97751,0.7613,0.99377
0.97751,0.75687,0.92351,0.97751,0.76061,0.99429
0.97751,0.75676,0.92351,0.97751,0.76038,0.99446
0.97751,0.75664,0.92351,0.97751,0.76016,0.99462
0.97751,0.75648,0.92351,0.97751,0.75985,0.99485
0.97751,0.75609,0.92531,0.97751,0.75918,0.99536
0.97751,0.75605,0.9255,0.97751,0.75912,0.99541
0.97751,0.75595,0.92608,0.97751,0.75895,0.99555
0.97751,0.75581,0.92634,0.97751,0.75869,0.99575
0.97751,0.75563,0.92634,0.97751,0.75836,0.99601
0.97751,0.7556,0.92634,0.97751,0.75832,0.99604
0.97751,0.75519,0.92444,0.97751,0.7576,0.99661
0.97751,0.75458,0.92327,0.97751,0.75651,0.99754
0.97751,0.75458,0.92336,0.97751,0.7565,0.99755
0.97751,0.75452,0.92442,0.97751,0.7564,0.99764
0.97751,0.75429,0.92466,0.97751,0.75593,0.99805
0.97751,0.75426,0.92437,0.97751,0.75588,0.9981
0.97751,0.75395,0.92351,0.97751,0.75539,0.99855
0.97751,0.7539,0.92351,0.97751,0.75534,0.9986
0.97751,0.75343,0.92634,0.97751,0.75456,0.99938
0.97751,0.75339,0.92634,0.97751,0.75451,0.99943
0.97751,0.75327,0.92634,0.97751,0.75433,0.99961
0.97751,0.75316,0.92405,0.97751,0.75408,0.99988
0.97751,0.75311,0.92351,0.97751,0.75396,0.99996
0.97751,0.75308,0.92351,0.97751,0.7539,0.99997
0.97751,0.75303,0.92351,0.97751,0.7538,1
0.97719,0.75273,0.92308,0.97751,0.75376,1
0.97669,0.75225,0.92241,0.97749,0.7537,1
0.97633,0.75191,0.92193,0.97747,0.75364,1
0.97561,0.75122,0.92096,0.97741,0.75352,1
0.9754,0.75102,0.92068,0.97726,0.75326,1
0.97527,0.75102,0.89029,0.97709,0.75301,1
0.97496,0.75102,0.81272,0.97697,0.75285,1
0.97445,0.75102,0.71579,0.9767,0.75256,1
0.97436,0.75102,0.70496,0.97665,0.75251,1
0.97376,0.75102,0.63444,0.97623,0.75218,1
0.97293,0.75102,0.52116,0.97537,0.75168,1
0.97274,0.75102,0.48882,0.97507,0.75154,1
0.97246,0.75102,0.44421,0.97462,0.75134,1
0.97212,0.75102,0.39113,0.97403,0.75111,1
0.97177,0.75102,0.31808,0.9734,0.75102,1
0.97141,0.75102,0.24522,0.97275,0.75102,1
0.97137,0.75102,0.23675,0.97268,0.75102,1
0.97116,0.75102,0.19439,0.97236,0.75102,1
0.97082,0.75102,0.12371,0.97189,0.75102,1
0.97074,0.75102,0.10413,0.97172,0.75102,1
0.97073,0.75102,0.10148,0.9717,0.75102,1
0.9706,0.75102,0.086578,0.97153,0.75102,1
0.97055,0.75102,0.082536,0.97147,0.75102,1
0.97054,0.75102,0.081959,0.97146,0.75102,1
0.97043,0.75102,0.073199,0.97131,0.75102,1
0.97024,0.75102,0.055106,0.97097,0.75102,1
0.97023,0.75102,0.053781,0.97095,0.75102,1
0.97021,0.75102,0.053107,0.97093,0.75102,1
0.97013,0.75102,0.049065,0.97079,0.75102,1
0.97012,0.75102,0.048199,0.97077,0.75102,1
0.97012,0.75102,0.046563,0.97072,0.75102,1
0.97,0.75102,0.035766,0.97041,0.75102,1
0.97,0.75102,0.033986,0.97033,0.75102,1
0.96999,0.75102,0.03342,0.97032,0.75102,1
0.96998,0.75102,0.033035,0.97031,0.75102,1
0.96994,0.75102,0.031303,0.97028,0.75102,1
0.96994,0.75102,0.031207,0.97028,0.75102,1
0.96991,0.75102,0.029956,0.97026,0.75102,1
0.96988,0.75102,0.026677,0.97017,0.75102,1
0.96988,0.75102,0.025907,0.97014,0.75102,1
0.96988,0.75102,0.025811,0.97014,0.75102,1
0.96988,0.75102,0.025619,0.97013,0.75102,1
0.96988,0.75102,0.025138,0.97012,0.75102,1
0.96988,0.75102,0.023261,0.97007,0.75102,1
0.96986,0.75102,0.022154,0.97005,0.75102,1
0.96985,0.75102,0.021913,0.97004,0.75102,1
0.96978,0.75102,0.020229,0.97001,0.75102,1
0.96977,0.75102,0.020037,0.97,0.75102,1
0.96976,0.75102,0.018834,0.96998,0.75102,1
0.96976,0.75102,0.016976,0.96994,0.75102,1
0.96976,0.75102,0.016976,0.96993,0.75102,1
0.96976,0.75102,0.016976,0.96991,0.75102,1
0.96972,0.75102,0.016085,0.96989,0.75102,1
0.96964,0.75102,0.014143,0.96982,0.75102,1
0.96964,0.75102,0.014143,0.9698,0.75102,1
0.96964,0.75102,0.014143,0.96978,0.75102,1
0.96964,0.75102,0.016352,0.96975,0.75102,1
0.96964,0.75102,0.016157,0.96973,0.75102,1
0.96964,0.75102,0.015098,0.96972,0.75102,1
0.96964,0.75102,0.014569,0.96972,0.75102,1
0.96964,0.75102,0.014328,0.96971,0.75102,1
0.96959,0.75102,0.014143,0.9697,0.75102,1
0.96952,0.75102,0.014143,0.96968,0.75102,1
0.96952,0.75102,0.014143,0.96967,0.75102,1
0.96952,0.75102,0.014143,0.96966,0.75102,1
0.96952,0.75102,0.014143,0.96965,0.75102,1
0.96952,0.75102,0.015029,0.96964,0.75102,1
0.96952,0.75102,0.015125,0.96964,0.75102,1
0.96952,0.75102,0.015191,0.96961,0.75102,1
0.96952,0.75102,0.013267,0.9696,0.75102,1
0.96952,0.75102,0.011342,0.96959,0.75102,1
0.96952,0.75102,0.011968,0.96959,0.75102,1
0.96952,0.75102,0.012112,0.96959,0.75102,1
0.96952,0.75102,0.012786,0.96959,0.75102,1
0.96952,0.75102,0.013383,0.96958,0.75102,1
0.96952,0.75102,0.012613,0.96957,0.75102,1
0.96952,0.75102,0.011217,0.96956,0.75102,1
0.9695,0.75102,0.010832,0.96956,0.75102,1
0.96947,0.75102,0.0099181,0.96956,0.75102,1
0.96946,0.75102,0.0097737,0.96956,0.75102,1
0.96945,0.75102,0.009485,0.96955,0.75102,1
0.96944,0.75102,0.0093407,0.96955,0.75102,1
0.96941,0.75102,0.0096372,0.96954,0.75102,1
0.96941,0.75102,0.011466,0.96953,0.75102,1
0.96941,0.75102,0.011755,0.96953,0.75102,1
0.96941,0.75102,0.013102,0.96952,0.75102,1
0.96941,0.75102,0.013487,0.96952,0.75102,1
0.96941,0.75102,0.013679,0.96952,0.75102,1
0.96941,0.75102,0.013894,0.96951,0.75102,1
0.96941,0.75102,0.012113,0.9695,0.75102,1
0.96941,0.75102,0.0086485,0.96948,0.75102,1
0.9694,0.75102,0.0086425,0.96947,0.75102,1
0.96935,0.75102,0.0099418,0.96947,0.75102,1
0.96929,0.75102,0.01131,0.96945,0.75102,1
0.96929,0.75102,0.01131,0.96945,0.75102,1
0.96929,0.75102,0.01131,0.96941,0.75102,1
0.96929,0.75102,0.01131,0.96941,0.75102,1
0.96929,0.75102,0.01131,0.96941,0.75102,1
0.96929,0.75102,0.01131,0.96941,0.75102,1
0.96929,0.75102,0.0084771,0.96937,0.75102,1
0.96929,0.75102,0.0084771,0.96937,0.75102,1
0.96929,0.75102,0.0084771,0.96935,0.75102,1
0.96929,0.75102,0.0084771,0.96935,0.75102,1
0.96929,0.75102,0.0084771,0.96935,0.75102,1
0.96929,0.75102,0.0084771,0.96934,0.75102,1
0.96929,0.75102,0.0084771,0.96933,0.75102,1
0.96925,0.75102,0.0084771,0.96933,0.75102,1
0.96921,0.75102,0.0084771,0.96932,0.75102,1
0.96919,0.75102,0.0084771,0.96932,0.75102,1
0.96918,0.75102,0.0083647,0.96931,0.75102,1
0.96918,0.75102,0.0057181,0.96929,0.75102,1
0.96918,0.75102,0.0062439,0.96928,0.75102,1
0.96918,0.75102,0.0078318,0.96927,0.75102,1
0.96918,0.75102,0.0099492,0.96925,0.75102,1
0.96918,0.75102,0.01076,0.96924,0.75102,1
0.96918,0.75102,0.010471,0.96924,0.75102,1
0.96918,0.75102,0.0094122,0.96924,0.75102,1
0.96918,0.75102,0.0088348,0.96924,0.75102,1
0.96918,0.75102,0.0057551,0.96923,0.75102,1
0.96917,0.75102,0.0056849,0.96923,0.75102,1
0.96909,0.75102,0.0076579,0.96922,0.75102,1
0.96906,0.75102,0.0084771,0.96919,0.75102,1
0.96906,0.75102,0.0084771,0.96919,0.75102,1
0.96906,0.75102,0.0084771,0.96919,0.75102,1
0.96906,0.75102,0.0084771,0.96918,0.75102,1
0.96906,0.75102,0.0084771,0.96916,0.75102,1
0.96906,0.75102,0.0094025,0.96915,0.75102,1
0.96906,0.75102,0.0090927,0.96912,0.75102,1
0.96906,0.75102,0.0043287,0.96911,0.75102,1
0.96906,0.75102,0.0036069,0.96911,0.75102,1
0.96906,0.75102,0.0029309,0.96911,0.75102,1
0.96906,0.75102,0.0042301,0.96911,0.75102,1
0.96906,0.75102,0.0044226,0.9691,0.75102,1
0.96906,0.75102,0.0056441,0.96909,0.75102,1
0.96905,0.75102,0.0056441,0.96908,0.75102,1
0.96903,0.75102,0.0056441,0.96908,0.75102,1
0.96903,0.75102,0.0056441,0.96908,0.75102,1
0.96902,0.75102,0.0056441,0.96908,0.75102,1
0.96901,0.75102,0.0056441,0.96908,0.75102,1
0.96894,0.75102,0.0056441,0.96905,0.75102,1
0.96894,0.75102,0.0056441,0.96904,0.75102,1
0.95123,0.7471,0.0056441,0.96891,0.75098,0.99997
0.94876,0.7471,0.0056441,0.9684,0.75088,0.99985
0.94782,0.74699,0.0056441,0.96795,0.75079,0.99975
0.97749,0.7563,0.0084771,0.96427,0.7498,0.99862
0.93995,0.74699,0.01131,0.96373,0.74974,0.99856
0.71432,0.64442,0.01131,0.9593,0.74812,0.99685
0.97762,0.77741,0.014143,0.94453,0.74291,0.99101
0.55314,0.54603,0.014143,0.93831,0.74067,0.98858
0.55782,0.56013,0.014143,0.93566,0.73934,0.98709
0.88395,0.74689,0.025475,0.91502,0.73369,0.98088
0.8868,0.74696,0.028308,0.91369,0.73362,0.98081
0.83068,0.71615,0.028308,0.9107,0.73341,0.98058
0.89264,0.74706,0.019809,0.89342,0.73015,0.977
0.45639,0.4659,0.019809,0.88147,0.72442,0.97074
0.59474,0.56507,0.025475,0.87386,0.72205,0.96805
0.58975,0.57098,0.025475,0.86724,0.71929,0.965
0.84001,0.73989,0.025475,0.86641,0.71942,0.96503
0.66783,0.63987,0.039639,0.81569,0.69925,0.94262
0.59194,0.57232,0.042472,0.80854,0.69674,0.93988
0.8248,0.76056,0.042472,0.79656,0.69285,0.93541
0.70633,0.65329,0.045305,0.79163,0.6925,0.93509
0.8285,0.74646,0.045305,0.79064,0.69253,0.935
0.77992,0.68467,0.042472,0.78588,0.6939,0.93572
0.76343,0.68907,0.031141,0.77768,0.69314,0.93063
0.83337,0.75038,0.031141,0.77775,0.69656,0.92373
0.91832,0.79098,0.025475,0.77876,0.69851,0.92239
0.86164,0.74699,0.025475,0.77972,0.69982,0.92269
0.86239,0.74693,0.025475,0.78109,0.70066,0.92262
0.84963,0.73777,0.025475,0.78231,0.70129,0.92127
0.77111,0.68095,0.022642,0.77634,0.69879,0.91911
0.38522,0.40041,0.025475,0.77551,0.69607,0.90446
0.60464,0.56821,0.053804,0.77163,0.6942,0.88464
0.6905,0.67896,0.053804,0.77165,0.69427,0.8843
0.65666,0.59619,0.053804,0.78396,0.70407,0.88326
0.85513,0.80433,0.050971,0.77881,0.70031,0.88043
0.59655,0.53901,0.033973,0.77169,0.69879,0.87338
0.6209,0.59694,0.033973,0.76917,0.69719,0.87
0.94966,0.87551,0.036806,0.76774,0.69829,0.86877
0.83018,0.74695,0.036806,0.77154,0.70147,0.86968
0.8963,0.82032,0.036806,0.77238,0.70216,0.86868
0.69328,0.64147,0.036806,0.76821,0.69916,0.86658
0.9251,0.87546,0.036806,0.76921,0.70038,0.86579
0.91772,0.81727,0.033973,0.77084,0.70192,0.86707
0.85598,0.76321,0.033973,0.7714,0.70238,0.86735
0.83713,0.7483,0.033973,0.77146,0.70242,0.86737
0.83475,0.74689,0.033973,0.76927,0.70122,0.86722
0.71006,0.66586,0.031141,0.76433,0.69792,0.86348
0.577,0.58198,0.031141,0.75495,0.69281,0.85624
0.72116,0.73498,0.033973,0.7501,0.69102,0.85185
0.81088,0.76059,0.036806,0.7475,0.69092,0.85268
0.74252,0.67869,0.033973,0.74592,0.69128,0.85309
0.77917,0.70539,0.031141,0.77292,0.71371,0.85175
0.83437,0.75348,0.031141,0.77424,0.71461,0.85144
0.82309,0.75075,0.028308,0.77804,0.71704,0.85084
0.82795,0.74689,0.028308,0.78409,0.72121,0.85123
0.82974,0.74699,0.028308,0.78783,0.72279,0.85107
0.82982,0.74692,0.028308,0.78768,0.72253,0.85106
0.82994,0.74689,0.028308,0.78751,0.72227,0.85105
0.83123,0.74699,0.028308,0.78556,0.71982,0.85092
0.83908,0.75166,0.025475,0.79071,0.7242,0.85015
0.84687,0.77741,0.019809,0.78586,0.72016,0.84669
0.8286,0.74652,0.019809,0.78959,0.72334,0.84766
0.68621,0.62945,0.019809,0.78813,0.72189,0.84701
0.8263,0.74695,0.022642,0.78946,0.72359,0.84563
0.82607,0.74696,0.022642,0.78827,0.72245,0.84557
0.80643,0.74681,0.025475,0.7842,0.72157,0.83648
0.73108,0.68954,0.022642,0.78081,0.72002,0.83424
0.74446,0.70332,0.022642,0.7811,0.72065,0.83376
0.87324,0.82628,0.019809,0.78063,0.7206,0.83213
0.8148,0.74689,0.019809,0.77967,0.72085,0.83339
0.81491,0.74689,0.019809,0.77959,0.72085,0.83337
0.64501,0.60952,0.022642,0.78252,0.72382,0.83191
0.50416,0.49527,0.022642,0.78087,0.7223,0.82845
0.57404,0.59361,0.022642,0.77972,0.72149,0.82599
0.75597,0.74286,0.022642,0.77823,0.72031,0.825
0.54211,0.5727,0.031141,0.76309,0.71142,0.80887
0.57148,0.59022,0.036806,0.74687,0.70263,0.79823
0.6363,0.68583,0.039639,0.73827,0.69817,0.79255
0.56902,0.5689,0.039639,0.73179,0.6973,0.79152
0.76276,0.78109,0.039639,0.73034,0.69682,0.79069
0.79185,0.80677,0.039639,0.7294,0.69679,0.79058
0.77538,0.7559,0.036806,0.7272,0.69831,0.79176
0.61574,0.6119,0.033973,0.71517,0.69564,0.78618
0.7061,0.70113,0.033973,0.7125,0.69628,0.78469
0.67582,0.6728,0.033973,0.7114,0.69579,0.78414
0.66115,0.67662,0.028308,0.71241,0.69836,0.78146
0.8872,0.87549,0.028308,0.71228,0.701,0.77988
0.75589,0.75388,0.028308,0.70727,0.69821,0.77759
0.77159,0.74689,0.028308,0.70729,0.69953,0.77894
0.77229,0.74678,0.028308,0.70801,0.70167,0.77868
0.76512,0.7383,0.022642,0.70296,0.70159,0.7761
0.36185,0.44409,0.028308,0.69916,0.69792,0.76253
0.31492,0.39124,0.028308,0.69644,0.69579,0.76034
0.72768,0.74667,0.048138,0.69326,0.70325,0.73711
0.70007,0.71202,0.048138,0.69145,0.70201,0.73698
0.63722,0.65431,0.048138,0.69052,0.70135,0.73631
0.66235,0.72153,0.048138,0.68748,0.69962,0.73369
0.80531,0.81346,0.039639,0.68249,0.6988,0.73202
0.66175,0.66642,0.036806,0.67625,0.70042,0.72371
0.61537,0.68942,0.031141,0.67136,0.69807,0.71974
0.72497,0.74671,0.031141,0.6707,0.69954,0.72123
0.7258,0.74678,0.031141,0.67015,0.69954,0.72118
0.68411,0.74543,0.036806,0.64716,0.68835,0.70596
0.80201,0.85574,0.039639,0.64604,0.68929,0.70683
0.65062,0.69336,0.039639,0.64508,0.68916,0.70671
0.57205,0.63559,0.031141,0.64272,0.68987,0.70397
0.65164,0.71354,0.031141,0.64741,0.69509,0.70329
0.72801,0.76925,0.031141,0.67046,0.71446,0.70405
0.78824,0.825,0.031141,0.67252,0.71623,0.70426
0.71769,0.75001,0.022642,0.68095,0.72138,0.7029
0.72227,0.74678,0.022642,0.68281,0.72247,0.70332
0.70603,0.73095,0.022642,0.68183,0.72118,0.7032
0.67701,0.72738,0.022642,0.67765,0.71788,0.7
0.71875,0.74667,0.022642,0.68111,0.72166,0.70073
0.70208,0.73088,0.022642,0.68112,0.72151,0.70066
0.53389,0.57658,0.028308,0.6784,0.71947,0.69771
0.41309,0.47465,0.025475,0.67621,0.71777,0.69531
0.81835,0.87546,0.025475,0.67363,0.7169,0.69318
0.58696,0.66405,0.025475,0.67532,0.71983,0.68962
0.57579,0.65828,0.025475,0.67529,0.71967,0.68892
0.69351,0.74678,0.025475,0.67673,0.72132,0.68898
0.69574,0.74678,0.025475,0.67511,0.71989,0.68891
0.66696,0.71403,0.022642,0.67483,0.72039,0.6887
0.66416,0.7188,0.022642,0.67348,0.71942,0.68763
0.68942,0.75367,0.025475,0.67078,0.7183,0.68439
0.80493,0.85288,0.025475,0.67065,0.71872,0.68528
0.61877,0.73185,0.025475,0.66665,0.71834,0.6695
0.37679,0.4982,0.031141,0.65762,0.71182,0.66295
0.407,0.5663,0.039639,0.62857,0.69594,0.64347
0.53228,0.70182,0.039639,0.62732,0.69549,0.64273
0.74512,0.87546,0.042472,0.62322,0.69607,0.64296
0.66087,0.74667,0.042472,0.61194,0.69562,0.6414
0.66098,0.74657,0.042472,0.61182,0.69562,0.64139
0.6611,0.74664,0.042472,0.61169,0.69562,0.64138
0.56611,0.64171,0.039639,0.61049,0.69593,0.64106
0.49343,0.59079,0.033973,0.60878,0.69586,0.63833
0.50728,0.62677,0.033973,0.6001,0.69538,0.63068
0.59676,0.71127,0.033973,0.59806,0.69535,0.62895
0.56054,0.67002,0.033973,0.59808,0.69543,0.62885
0.62802,0.72345,0.033973,0.59532,0.69557,0.62701
0.4962,0.59569,0.025475,0.59072,0.69654,0.62509
0.34187,0.52763,0.053804,0.57183,0.69094,0.59206
0.38993,0.53383,0.062303,0.57501,0.69982,0.58378
0.43676,0.60261,0.062303,0.57425,0.69911,0.58295
0.45313,0.62202,0.062303,0.57391,0.6988,0.58265
0.46493,0.59565,0.048138,0.56407,0.6961,0.57962
0.42862,0.55885,0.048138,0.5636,0.69573,0.57917
0.7153,0.87546,0.045305,0.56151,0.69749,0.57736
0.62623,0.76045,0.045305,0.56246,0.69864,0.57785
0.50016,0.62817,0.045305,0.56223,0.69888,0.57704
0.51093,0.69415,0.048138,0.55121,0.69259,0.56803
0.39456,0.5314,0.039639,0.54929,0.69533,0.56751
0.55202,0.72113,0.039639,0.54788,0.69519,0.56523
0.44976,0.67566,0.039639,0.5226,0.68487,0.55014
0.62128,0.80381,0.042472,0.51634,0.68477,0.55084
0.68903,0.87546,0.042472,0.5164,0.68502,0.55109
0.61108,0.77741,0.036806,0.52683,0.69878,0.54887
0.54101,0.69245,0.036806,0.54006,0.70878,0.54968
0.58572,0.74084,0.036806,0.54334,0.71059,0.54917
0.59934,0.74655,0.028308,0.55562,0.7161,0.54867
0.53369,0.68509,0.028308,0.55479,0.71535,0.54826
0.61155,0.76522,0.028308,0.55477,0.7155,0.54797
0.67735,0.82818,0.025475,0.55911,0.7201,0.54748
0.59206,0.74281,0.028308,0.55777,0.71966,0.54495
0.55345,0.74964,0.028308,0.54866,0.71389,0.53621
0.53875,0.71755,0.028308,0.54771,0.71712,0.53102
0.47815,0.663,0.028308,0.5468,0.71644,0.53057
0.58167,0.74731,0.025475,0.54437,0.71693,0.52902
0.57927,0.74646,0.025475,0.54373,0.71693,0.52891
0.58021,0.74646,0.022642,0.54421,0.71788,0.52883
0.58044,0.74604,0.022642,0.54555,0.71941,0.52878
0.40104,0.66919,0.033973,0.53881,0.71619,0.51186
0.33584,0.63508,0.039639,0.52117,0.70629,0.50035
0.33126,0.63591,0.039639,0.52037,0.70627,0.49974
0.21396,0.53865,0.048138,0.49438,0.69379,0.48601
0.2791,0.62173,0.050971,0.49387,0.69366,0.48557
0.24945,0.6112,0.053804,0.49167,0.6925,0.48409
0.43667,0.69086,0.056637,0.47471,0.68959,0.48027
0.5163,0.74826,0.056637,0.47181,0.69123,0.4815
0.52247,0.74646,0.053804,0.46816,0.69134,0.48109
0.46244,0.74351,0.039639,0.44945,0.69066,0.46778
0.34633,0.63782,0.039639,0.44922,0.69252,0.46707
0.53113,0.74636,0.031141,0.4458,0.69443,0.46671
0.43351,0.68465,0.031141,0.4428,0.69337,0.46409
0.33226,0.58755,0.028308,0.43984,0.69159,0.4623
0.54583,0.80106,0.028308,0.43952,0.69164,0.46218
0.0023023,0.41051,0.042472,0.43028,0.68866,0.44213
0.052097,0.46932,0.056637,0.42355,0.68645,0.43486
0.23365,0.6534,0.05947,0.42212,0.68717,0.43186
0.074927,0.48429,0.067968,0.41731,0.68647,0.42325
0.37392,0.83158,0.073634,0.41547,0.68698,0.41919
0.43931,0.72115,0.0793,0.42603,0.69847,0.42378
0.53821,0.80921,0.056637,0.41395,0.69276,0.41395
0.58873,0.87546,0.056637,0.41398,0.69402,0.41266
0.48082,0.74593,0.048138,0.4048,0.69332,0.4032
0.54571,0.87546,0.042472,0.38685,0.68531,0.39155
0.53983,0.87546,0.048138,0.36929,0.67959,0.38388
0.47551,0.77243,0.045305,0.37947,0.69465,0.38168
0.48134,0.74922,0.036806,0.40919,0.71145,0.38183
0.48345,0.74625,0.036806,0.42006,0.71723,0.38165
0.48816,0.7463,0.033973,0.41996,0.71299,0.38144
0.38892,0.65611,0.031141,0.42229,0.71469,0.3804
0.49273,0.74636,0.031141,0.42756,0.71708,0.38048
0.39727,0.71433,0.025475,0.42337,0.71251,0.37308
0.31634,0.65544,0.028308,0.42161,0.71176,0.36865
0.40973,0.73757,0.028308,0.42016,0.71088,0.36816
0.44894,0.74625,0.036806,0.42195,0.71486,0.36384
0.45059,0.74635,0.036806,0.42182,0.71486,0.36381
0.45433,0.74635,0.036806,0.42234,0.71567,0.36374
0.37687,0.67812,0.033973,0.4204,0.71427,0.3624
0.36181,0.67748,0.033973,0.41882,0.7133,0.36137
0.44608,0.75442,0.033973,0.4183,0.71407,0.35891
0.46256,0.74631,0.031141,0.41754,0.71436,0.36029
0.46338,0.74625,0.031141,0.41731,0.71436,0.36024
0.46713,0.74625,0.025475,0.41832,0.71596,0.36009
0.35271,0.73949,0.028308,0.41584,0.71458,0.35023
0.16462,0.54027,0.036806,0.415,0.7151,0.34599
0.14781,0.5459,0.039639,0.40995,0.71226,0.34076
0.018572,0.46855,0.042472,0.40007,0.70618,0.33449
0.18716,0.76057,0.062303,0.35148,0.68799,0.31191
0.2732,0.76886,0.065136,0.34518,0.68676,0.31044
0.42461,0.87546,0.067968,0.34358,0.68813,0.31187
0.30321,0.75027,0.070801,0.33378,0.68594,0.30941
0.40467,0.74614,0.05947,0.32271,0.68778,0.31021
0.40943,0.74609,0.056637,0.32302,0.68923,0.31012
0.26612,0.63373,0.053804,0.32037,0.68781,0.30862
0.42221,0.80377,0.050971,0.31995,0.68826,0.3076
0.29736,0.70152,0.050971,0.30185,0.68529,0.29625
0.38097,0.75437,0.045305,0.29899,0.68763,0.29354
0.45149,0.79882,0.045305,0.29935,0.68857,0.29453
0.41019,0.74617,0.042472,0.29886,0.68995,0.29485
0.40618,0.75503,0.039639,0.29241,0.68823,0.2906
0.44092,0.76088,0.036806,0.30183,0.69778,0.29134
0.30175,0.75102,0.031141,0.29861,0.69483,0.28321
0.45266,0.75102,0.022642,0.37865,0.72693,0.28321
0.46128,0.75102,0.014143,0.39373,0.73339,0.28321
0.46793,0.75102,0.01131,0.41578,0.74086,0.28321
0.46839,0.75102,0.014143,0.41803,0.74168,0.28321
0.46863,0.75102,0.014143,0.41884,0.74187,0.28321
0.46957,0.75102,0.01131,0.42007,0.74093,0.28321
0.47473,0.75102,0.01131,0.43652,0.74401,0.28321
0.47485,0.75102,0.0084771,0.4369,0.74403,0.28321
0.47497,0.75102,0.01131,0.43784,0.74471,0.28321
0.47626,0.75102,0.0084771,0.45377,0.75102,0.28321
0.47685,0.75102,0.0056441,0.45734,0.75102,0.28321
0.51195,0.78328,0.91291,0.46447,0.75138,0.28395
0.5341,0.81711,0.91368,0.46741,0.75299,0.28848
0.54795,0.83826,0.91417,0.46953,0.75454,0.29131
0.57416,0.87546,0.91629,0.47496,0.75939,0.29754
0.59269,0.87546,0.92899,0.48696,0.77031,0.31
0.59926,0.87546,0.93296,0.49184,0.77454,0.31481
0.62897,0.87546,0.94051,0.5234,0.79987,0.34369
0.62947,0.87546,0.94051,0.52406,0.80037,0.34425
0.64227,0.87546,0.92634,0.54786,0.818,0.36435
0.64562,0.87546,0.92634,0.55511,0.82322,0.3703
0.64913,0.87546,0.92634,0.56281,0.82868,0.37653
0.64993,0.87546,0.92634,0.56457,0.82992,0.37794
0.65843,0.87546,0.93504,0.58292,0.84259,0.39238
0.66419,0.87546,0.94047,0.59516,0.85079,0.40172
0.6685,0.87546,0.94393,0.60427,0.85675,0.40851
0.66958,0.87546,0.9448,0.60657,0.85824,0.41021
0.67351,0.87546,0.94678,0.61511,0.8637,0.41644
0.68589,0.87546,0.94332,0.63845,0.87538,0.43626
0.68641,0.87546,0.94259,0.63917,0.87544,0.43711
0.69203,0.87546,0.93489,0.64631,0.87546,0.44617
0.69329,0.87547,0.93484,0.6478,0.87546,0.44815
0.69347,0.87547,0.93484,0.64801,0.87546,0.44843
0.69724,0.87551,0.93484,0.65234,0.87546,0.45438
0.69868,0.87552,0.93484,0.65393,0.87546,0.45664
0.70301,0.87556,0.93512,0.6586,0.87546,0.46344
0.70413,0.87555,0.93599,0.65974,0.87547,0.46513
0.71013,0.87549,0.94061,0.66567,0.87547,0.47419
0.72208,0.87546,0.95145,0.67656,0.87547,0.49146
0.73188,0.87546,0.95322,0.68496,0.87547,0.50477
0.74551,0.87552,0.94701,0.69637,0.87547,0.52232
0.75878,0.8755,0.94177,0.70747,0.87548,0.53874
0.76226,0.87548,0.94105,0.71041,0.87548,0.54298
0.7676,0.87546,0.94107,0.71496,0.87548,0.5495
0.76971,0.87546,0.94151,0.71675,0.87548,0.55204
0.77835,0.87546,0.94329,0.72422,0.87548,0.56252
0.78017,0.87546,0.94433,0.72586,0.87548,0.56478
0.78677,0.87546,0.94852,0.73184,0.87548,0.57299
0.80734,0.87546,0.95184,0.75136,0.87548,0.59904
0.82022,0.87546,0.95129,0.76445,0.87547,0.61602
0.82276,0.87546,0.95072,0.76709,0.87547,0.61942
0.8253,0.87546,0.95014,0.76974,0.87547,0.62282
0.83432,0.87546,0.94713,0.77925,0.87547,0.63499
0.84054,0.87546,0.94424,0.7859,0.87547,0.64348
0.8422,0.87546,0.94347,0.78767,0.87547,0.64575
0.84564,0.87546,0.94485,0.79144,0.87547,0.65056
0.84926,0.87546,0.94658,0.79541,0.87547,0.65566
0.85889,0.87546,0.9512,0.80594,0.87546,0.66924
0.86148,0.87546,0.95245,0.80877,0.87546,0.67292
0.86188,0.87546,0.95265,0.80921,0.87546,0.67349
0.87605,0.87546,0.95467,0.82448,0.87546,0.69359
0.87826,0.87546,0.95457,0.82681,0.87546,0.6967
0.88946,0.87546,0.95197,0.83819,0.87546,0.71199
0.91588,0.87546,0.94901,0.86248,0.87546,0.74483
0.92813,0.87546,0.9533,0.87288,0.87546,0.7587
0.94429,0.87546,0.95467,0.88634,0.87546,0.77626
0.9637,0.87536,0.95184,0.90275,0.87546,0.79692
0.97069,0.87445,0.95184,0.9092,0.87542,0.80484
0.97667,0.87367,0.95184,0.9148,0.87536,0.81164
0.97762,0.87349,0.95184,0.91574,0.87534,0.81276
0.97762,0.8644,0.95184,0.92237,0.87496,0.82015
0.97762,0.84567,0.95184,0.93911,0.87144,0.83918
0.97762,0.84457,0.95184,0.94024,0.87107,0.84052
0.97762,0.84439,0.95184,0.94043,0.87101,0.84075
0.9776,0.84239,0.95114,0.9432,0.87005,0.8438
0.97757,0.84055,0.95047,0.94569,0.8691,0.84665
0.97751,0.8355,0.94901,0.9525,0.86602,0.85481
0.97751,0.83481,0.94901,0.95359,0.86546,0.85613
0.97751,0.83392,0.94901,0.95496,0.86472,0.85782
0.97751,0.83203,0.94901,0.95772,0.8631,0.86138
0.97751,0.83,0.94858,0.96071,0.86115,0.86541
0.97751,0.82685,0.94675,0.96534,0.85758,0.87208
0.97751,0.82319,0.94262,0.97024,0.85264,0.88031
0.97751,0.81978,0.94051,0.97403,0.84713,0.88849
0.97751,0.81611,0.94051,0.97668,0.84035,0.89747
0.97751,0.81525,0.94051,0.97704,0.83869,0.89954
0.97751,0.8144,0.94051,0.97731,0.83701,0.90161
0.97751,0.8141,0.94018,0.97738,0.83641,0.90232
0.97751,0.8111,0.93517,0.97754,0.83027,0.9096
0.97751,0.80992,0.93484,0.97754,0.8282,0.91227
0.97751,0.8098,0.93484,0.97754,0.828,0.91254
0.97751,0.80891,0.93484,0.97753,0.82659,0.91452
0.97751,0.8043,0.93484,0.97752,0.82002,0.92481
0.97751,0.80049,0.93709,0.97751,0.81536,0.93275
0.97751,0.79962,0.93565,0.97751,0.8144,0.93439
0.97751,0.79626,0.93201,0.97751,0.81073,0.94069
0.97751,0.79565,0.93201,0.97751,0.81007,0.94181
0.97751,0.79515,0.93201,0.97751,0.80953,0.94273
0.97751,0.79487,0.93201,0.97751,0.80923,0.94323
0.97751,0.79202,0.93016,0.97751,0.80624,0.94814
0.97751,0.79018,0.92918,0.97751,0.80433,0.95116
0.97751,0.78995,0.92918,0.97751,0.8041,0.95151
0.97751,0.78636,0.92918,0.97751,0.80039,0.95699
0.97751,0.78496,0.92918,0.97751,0.79892,0.95906
0.97751,0.7829,0.92918,0.97751,0.79673,0.96195
0.97751,0.77782,0.92634,0.97751,0.79114,0.96871
0.97751,0.77715,0.92634,0.97751,0.79033,0.9696
0.97751,0.77688,0.92634,0.97751,0.79,0.96995
0.97751,0.77593,0.92634,0.97751,0.78887,0.9712
0.97751,0.77213,0.92634,0.97751,0.78415,0.97588
0.97751,0.77078,0.92627,0.97751,0.78244,0.97749
0.97751,0.76877,0.92357,0.97751,0.77971,0.97989
0.97751,0.76708,0.9261,0.97751,0.77717,0.98199
0.97751,0.76662,0.92587,0.97751,0.7765,0.98252
0.97751,0.76507,0.92341,0.97751,0.77432,0.98425
0.97751,0.76428,0.92192,0.97751,0.77305,0.9852
0.97751,0.76378,0.92096,0.97751,0.77227,0.9858
0.97751,0.76311,0.92184,0.97751,0.77113,0.98664
0.97751,0.76289,0.92232,0.97751,0.77076,0.98691
0.97751,0.76216,0.92351,0.97751,0.76956,0.9878
0.97751,0.76104,0.92351,0.97751,0.76784,0.98906
0.97751,0.76083,0.92351,0.97751,0.76747,0.98932
0.97751,0.76068,0.92351,0.97751,0.76722,0.98949
0.97751,0.76013,0.92351,0.97751,0.76629,0.99016
0.97751,0.75953,0.92203,0.97751,0.76528,0.99087
0.97751,0.75885,0.9222,0.97751,0.76413,0.9917
0.97751,0.7584,0.92519,0.97751,0.76338,0.99223
0.97751,0.75829,0.92596,0.97751,0.76319,0.99237
0.97751,0.75762,0.92365,0.97751,0.76188,0.99332
0.97751,0.75751,0.92351,0.97751,0.76168,0.99347
0.97751,0.75697,0.92351,0.97751,0.76072,0.99418
0.97751,0.75678,0.92194,0.97751,0.7604,0.99441
0.97751,0.75659,0.92021,0.97751,0.76009,0.99464
0.97751,0.75623,0.91904,0.97751,0.75949,0.9951
0.97751,0.75621,0.91933,0.97751,0.75944,0.99514
0.97751,0.7562,0.91943,0.97751,0.75942,0.99515
0.97751,0.75614,0.92029,0.97751,0.75929,0.99525
0.97751,0.75546,0.92351,0.97751,0.75813,0.99615
0.97751,0.75524,0.92351,0.97751,0.75771,0.99649
0.97751,0.75516,0.92351,0.97751,0.75753,0.99663
0.97751,0.75494,0.92255,0.97751,0.75709,0.99699
0.97751,0.75493,0.92251,0.97751,0.75708,0.997
0.97751,0.75455,0.92068,0.97751,0.75639,0.99761
0.97751,0.75452,0.92068,0.97751,0.75634,0.99765
0.97751,0.7545,0.92068,0.97751,0.75631,0.99768
0.97751,0.75421,0.92426,0.97751,0.75587,0.99808
0.97751,0.75406,0.92589,0.97751,0.75563,0.9983
0.97751,0.75392,0.92402,0.97751,0.75535,0.99857
0.97751,0.75374,0.9198,0.97751,0.75502,0.99888
0.97751,0.7536,0.91785,0.97751,0.75479,0.99912
0.97751,0.75353,0.91785,0.97751,0.75469,0.99923
0.97751,0.75342,0.91926,0.97751,0.75452,0.9994
0.97751,0.75342,0.91955,0.97751,0.75451,0.99941
0.97751,0.75329,0.92446,0.97751,0.75434,0.99959
0.97751,0.75321,0.92538,0.97751,0.75418,0.99976
0.97751,0.75317,0.92437,0.97751,0.75409,0.99987
0.97751,0.75312,0.92351,0.97751,0.75397,0.99996
0.97751,0.75306,0.92351,0.97751,0.75383,0.99999
0.97743,0.75296,0.92329,0.97751,0.75378,1
0.9765,0.75207,0.92079,0.97748,0.75366,1
0.9754,0.75102,0.91785,0.97733,0.75337,1
0.9754,0.75102,0.91785,0.97724,0.75323,1
0.97515,0.75102,0.85341,0.97705,0.75294,1
0.97513,0.75102,0.84715,0.97704,0.75293,1
0.97485,0.75102,0.77518,0.97692,0.75278,1
0.97441,0.75102,0.69634,0.97668,0.75254,1
0.97366,0.75102,0.61182,0.97615,0.75213,1
0.97349,0.75102,0.59449,0.97602,0.75204,1
0.97342,0.75102,0.58496,0.97595,0.752,1
0.97337,0.75102,0.5786,0.9759,0.75197,1
0.97327,0.75102,0.56483,0.97579,0.7519,1
0.97313,0.75102,0.54577,0.97563,0.75182,1
0.97287,0.75102,0.50631,0.97527,0.75163,1
0.97285,0.75102,0.50439,0.97525,0.75163,1
0.97279,0.75102,0.4938,0.97515,0.75158,1
0.97268,0.75102,0.47743,0.97499,0.7515,1
0.97263,0.75102,0.46876,0.9749,0.75146,1
0.97237,0.75102,0.4264,0.97446,0.75128,1
0.97233,0.75102,0.41887,0.97438,0.75124,1
0.97201,0.75102,0.35381,0.97369,0.75103,1
0.97181,0.75102,0.32522,0.97345,0.75102,1
0.97165,0.75102,0.29273,0.97319,0.75102,1
0.97129,0.75102,0.21681,0.97258,0.75102,1
0.97121,0.75102,0.20054,0.97245,0.75102,1
0.97104,0.75102,0.16742,0.9722,0.75102,1
0.97097,0.75102,0.1551,0.97212,0.75102,1
0.97089,0.75102,0.13815,0.972,0.75102,1
0.97046,0.75102,0.070272,0.97138,0.75102,1
0.97045,0.75102,0.069309,0.97136,0.75102,1
0.97036,0.75102,0.061028,0.9712,0.75102,1
0.97026,0.75102,0.053129,0.97101,0.75102,1
0.97016,0.75102,0.047788,0.97084,0.75102,1
0.97015,0.75102,0.047018,0.97082,0.75102,1
0.97013,0.75102,0.046055,0.97079,0.75102,1
0.97012,0.75102,0.04513,0.97076,0.75102,1
0.97012,0.75102,0.044119,0.97074,0.75102,1
0.97012,0.75102,0.042097,0.9707,0.75102,1
0.97012,0.75102,0.040364,0.97067,0.75102,1
0.97011,0.75102,0.036771,0.9706,0.75102,1
0.97009,0.75102,0.035423,0.97056,0.75102,1
0.97008,0.75102,0.035134,0.97056,0.75102,1
0.97007,0.75102,0.034556,0.97054,0.75102,1
0.97,0.75102,0.029864,0.9704,0.75102,1
0.97,0.75102,0.028564,0.97034,0.75102,1
0.96994,0.75102,0.026831,0.97028,0.75102,1
0.96988,0.75102,0.023509,0.97016,0.75102,1
0.96988,0.75102,0.024181,0.97009,0.75102,1
0.96988,0.75102,0.024711,0.97008,0.75102,1
0.96988,0.75102,0.025144,0.97007,0.75102,1
0.96987,0.75102,0.024877,0.97006,0.75102,1
0.96981,0.75102,0.0204,0.97002,0.75102,1
0.96976,0.75102,0.016976,0.97,0.75102,1
0.96976,0.75102,0.016976,0.96996,0.75102,1
0.96976,0.75102,0.014788,0.96991,0.75102,1
0.96976,0.75102,0.01552,0.96988,0.75102,1
0.96975,0.75102,0.016614,0.96986,0.75102,1
0.96975,0.75102,0.016422,0.96986,0.75102,1
0.96964,0.75102,0.0090517,0.96979,0.75102,1
0.96964,0.75102,0.0085221,0.96978,0.75102,1
0.96964,0.75102,0.010117,0.96977,0.75102,1
0.96964,0.75102,0.010984,0.96976,0.75102,1
0.96964,0.75102,0.011155,0.96975,0.75102,1
0.96964,0.75102,0.010626,0.96975,0.75102,1
0.96964,0.75102,0.0092294,0.96973,0.75102,1
0.96957,0.75102,0.01018,0.96971,0.75102,1
0.96952,0.75102,0.0073116,0.96967,0.75102,1
0.96952,0.75102,0.0076508,0.96964,0.75102,1
0.96952,0.75102,0.0077952,0.96964,0.75102,1
0.96952,0.75102,0.0084771,0.96961,0.75102,1
0.96952,0.75102,0.0084771,0.96961,0.75102,1
0.96952,0.75102,0.0056441,0.96958,0.75102,1
0.96952,0.75102,0.0056441,0.96958,0.75102,1
0.96952,0.75102,0.0056441,0.96957,0.75102,1
0.96942,0.75102,0.00070489,0.96955,0.75102,1
0.96941,0.75102,0.0055656,0.9695,0.75102,1
0.96941,0.75102,0.0059507,0.9695,0.75102,1
0.96941,0.75102,0.007622,0.96948,0.75102,1
0.96941,0.75102,0.0074295,0.96948,0.75102,1
0.96941,0.75102,0.0060815,0.96948,0.75102,1
0.96936,0.75102,0.0056441,0.96947,0.75102,1
0.96929,0.75102,0.0056441,0.96944,0.75102,1
0.96929,0.75102,0.0056441,0.96943,0.75102,1
0.96929,0.75102,0.0056441,0.96942,0.75102,1
0.96929,0.75102,0.0056441,0.96942,0.75102,1
0.96929,0.75102,0.0071547,0.96939,0.75102,1
0.96929,0.75102,0.0078287,0.96938,0.75102,1
0.96929,0.75102,0.0028112,0.96934,0.75102,1
0.96929,0.75102,0.0028112,0.96933,0.75102,1
0.96929,0.75102,0.0028112,0.96933,0.75102,1
0.96929,0.75102,0.0031405,0.96933,0.75102,1
0.96929,0.75102,0.0036219,0.96933,0.75102,1
0.96929,0.75102,0.0040071,0.96933,0.75102,1
0.96929,0.75102,0.0045366,0.96933,0.75102,1
0.96929,0.75102,0.0053069,0.96932,0.75102,1
0.96929,0.75102,0.0054032,0.96932,0.75102,1
0.96927,0.75102,0.0051629,0.96932,0.75102,1
0.96918,0.75102,0.007736,0.96928,0.75102,1
0.96918,0.75102,0.0043256,0.96925,0.75102,1
0.96915,0.75102,0.0034258,0.96923,0.75102,1
0.96913,0.75102,0.0039072,0.96922,0.75102,1
0.96911,0.75102,0.0042923,0.96922,0.75102,1
0.96908,0.75102,0.005207,0.96921,0.75102,1
0.96906,0.75102,0.0056441,0.9692,0.75102,1
0.96906,0.75102,0.0056441,0.96919,0.75102,1
0.96906,0.75102,0.0056441,0.96919,0.75102,1
0.96906,0.75102,0.0056441,0.96919,0.75102,1
0.96906,0.75102,0.0056441,0.96919,0.75102,1
0.96906,0.75102,0.0056441,0.96918,0.75102,1
0.96906,0.75102,0.0056441,0.96917,0.75102,1
0.96906,0.75102,0.0069068,0.96914,0.75102,1
0.96906,0.75102,0.008303,0.96913,0.75102,1
0.96906,0.75102,0.0083992,0.96913,0.75102,1
0.96906,0.75102,0.0056441,0.96911,0.75102,1
0.96906,0.75102,0.0056441,0.96911,0.75102,1
0.96906,0.75102,0.0056441,0.9691,0.75102,1
0.96906,0.75102,0.0056441,0.9691,0.75102,1
0.96906,0.75102,0.0056441,0.9691,0.75102,1
0.96906,0.75102,0.0056441,0.96909,0.75102,1
0.96906,0.75102,0.0056441,0.96909,0.75102,1
0.96906,0.75102,0.0056441,0.96908,0.75102,1
0.94945,0.74667,0.01131,0.96883,0.75096,0.99994
0.93401,0.87527,0.019809,0.9551,0.7443,0.99205
0.42182,0.35116,0.025475,0.95088,0.74239,0.99067
0.36869,0.33094,0.025475,0.94735,0.7401,0.98816
0.70316,0.71849,0.033973,0.93317,0.7323,0.97869
0.32226,0.27101,0.045305,0.92411,0.72819,0.97483
0.28153,0.25612,0.048138,0.92004,0.72524,0.97153
0.75956,0.69432,0.070801,0.8822,0.70923,0.95273
0.72529,0.68721,0.070801,0.8807,0.70861,0.95206
0.64251,0.55888,0.076467,0.83597,0.6876,0.92866
0.59205,0.47321,0.076467,0.82806,0.6843,0.9251
0.65379,0.71046,0.084966,0.77159,0.65298,0.88958
0.58731,0.52102,0.087799,0.76026,0.64945,0.88594
0.71165,0.66985,0.087799,0.75708,0.64867,0.88481
0.61695,0.63692,0.090632,0.72226,0.63098,0.86505
0.6825,0.65795,0.093465,0.70928,0.62584,0.85925
0.60904,0.56135,0.090632,0.69121,0.61961,0.85243
0.69927,0.70033,0.090632,0.68413,0.61691,0.84919
0.76898,0.7564,0.090632,0.68306,0.61728,0.84951
0.80669,0.74689,0.084966,0.67765,0.621,0.85368
0.80575,0.74687,0.084966,0.67667,0.62097,0.85365
0.89801,0.87546,0.0793,0.67767,0.62509,0.85043
0.90227,0.87546,0.073634,0.6721,0.62358,0.84918
0.79166,0.74678,0.067968,0.68787,0.6395,0.84076
0.45417,0.44784,0.067968,0.67471,0.63385,0.82305
0.29157,0.25306,0.073634,0.66731,0.62987,0.8121
0.28402,0.25306,0.073634,0.66682,0.62951,0.81099
0.75377,0.87531,0.076467,0.66603,0.62971,0.80834
0.59557,0.6054,0.084966,0.67142,0.63969,0.8039
0.46426,0.43065,0.084966,0.66927,0.63802,0.80074
0.76237,0.81326,0.084966,0.66783,0.63987,0.79592
0.55108,0.57762,0.082133,0.66766,0.64188,0.78484
0.51866,0.52264,0.082133,0.67132,0.64913,0.7778
0.68338,0.8189,0.10196,0.6419,0.64049,0.73174
0.47917,0.53473,0.1048,0.63964,0.63934,0.72929
0.55029,0.70562,0.1048,0.62564,0.63055,0.71721
0.44752,0.55194,0.10763,0.61293,0.62267,0.71052
0.36181,0.45884,0.1048,0.60144,0.6168,0.70239
0.46915,0.55412,0.1048,0.59257,0.61473,0.69808
0.47335,0.56111,0.1048,0.58886,0.61355,0.69584
0.55345,0.69601,0.099131,0.57551,0.60874,0.68895
0.68894,0.87546,0.096298,0.57526,0.61002,0.68903
0.74658,0.87546,0.096298,0.58028,0.61983,0.69154
0.68024,0.74678,0.093465,0.57717,0.61905,0.69341
0.75653,0.87546,0.087799,0.57381,0.62265,0.68971
0.52296,0.53978,0.084966,0.56601,0.61912,0.68813
0.74166,0.84256,0.084966,0.56684,0.6228,0.68696
0.25883,0.25306,0.0793,0.56755,0.62516,0.68128
0.21771,0.25306,0.0793,0.56446,0.62208,0.67794
0.27742,0.39897,0.0793,0.55407,0.62849,0.66184
0.57041,0.87546,0.084966,0.53953,0.62327,0.64602
0.72975,0.87546,0.093465,0.54424,0.63503,0.65143
0.28011,0.39018,0.096298,0.53637,0.63157,0.63658
0.38104,0.56627,0.096298,0.53042,0.63581,0.62134
0.46859,0.69007,0.096298,0.52951,0.63787,0.61739
0.3432,0.50471,0.093465,0.53183,0.64285,0.61331
0.43085,0.6357,0.096298,0.52709,0.64137,0.60699
0.10577,0.30129,0.10196,0.51002,0.64095,0.57977
0.29941,0.62711,0.10763,0.50269,0.63707,0.57253
0.0035679,0.33182,0.11046,0.49473,0.63182,0.56529
0.24763,0.48593,0.12746,0.48067,0.63058,0.55486
0.36086,0.69145,0.13313,0.42919,0.60528,0.52788
0.37348,0.69898,0.13596,0.42264,0.60379,0.5247
0.59361,0.8639,0.12463,0.40839,0.6099,0.52156
0.59312,0.86916,0.1133,0.40067,0.60755,0.51956
0.53625,0.7464,0.10196,0.39557,0.61617,0.51522
0.5276,0.74623,0.099131,0.39819,0.62494,0.50765
0.52349,0.74646,0.096298,0.38552,0.62286,0.50126
0.26416,0.62044,0.090632,0.37657,0.61735,0.48618
0.4236,0.83126,0.11046,0.36321,0.61664,0.47399
0.15055,0.51426,0.11613,0.34842,0.63356,0.42795
0.23364,0.64884,0.1133,0.34562,0.63621,0.42179
0.029579,0.48096,0.12463,0.33352,0.6351,0.40326
0.16924,0.70014,0.13879,0.29601,0.62071,0.37501
0.14956,0.67651,0.13879,0.29297,0.61902,0.37369
0.073179,0.59182,0.14162,0.28291,0.6142,0.3689
0.0023023,0.50247,0.14446,0.27886,0.61249,0.36688
0.038579,0.55557,0.14729,0.26915,0.60964,0.36184
0.19701,0.74515,0.15012,0.26001,0.60797,0.35793
0.38475,0.71498,0.13879,0.22694,0.60984,0.34941
0.27735,0.5543,0.11613,0.22444,0.62172,0.34116
0.46874,0.87546,0.10907,0.21376,0.63408,0.31
0.21934,0.77324,0.10763,0.21182,0.63558,0.29098
0.29257,0.75102,0.10763,0.21674,0.64174,0.29005
0.33417,0.75102,0.1048,0.22508,0.64852,0.29005
0.39149,0.75102,0.093465,0.24836,0.66379,0.29005
0.40793,0.75102,0.084966,0.26175,0.67281,0.29005
0.41992,0.75102,0.076467,0.27671,0.68107,0.29005
0.43308,0.75102,0.065136,0.29783,0.691,0.29005
0.44449,0.75102,0.056637,0.31821,0.70071,0.29005
0.44691,0.75102,0.053804,0.32188,0.70098,0.29005
0.45013,0.75102,0.050971,0.32281,0.69815,0.29005
0.45102,0.75102,0.050971,0.32291,0.69753,0.29005
0.45466,0.75102,0.048138,0.32674,0.70049,0.29005
0.45618,0.75102,0.045305,0.32708,0.69946,0.29005
0.46061,0.75102,0.042472,0.33279,0.70282,0.29005
0.46123,0.75102,0.039639,0.3329,0.7024,0.29005
0.46511,0.75102,0.036806,0.34259,0.71037,0.29005
0.4718,0.75102,0.031141,0.36191,0.71685,0.29005
0.47192,0.75102,0.031141,0.3622,0.71687,0.29005
0.47333,0.75102,0.028308,0.37798,0.72871,0.29005
0.47544,0.75102,0.025475,0.40017,0.73602,0.29005
0.4772,0.75102,0.022642,0.40738,0.73569,0.29005
0.47767,0.75102,0.022642,0.41626,0.74176,0.29005
0.47966,0.75102,0.014143,0.44842,0.75102,0.29005
0.48072,0.75102,0.016976,0.45752,0.75102,0.29005
0.48107,0.75102,0.014143,0.45978,0.75102,0.29005
0.48131,0.75102,0.014143,0.46212,0.75102,0.29005
